{"cameraMode":{"drawMode":0,"name":"Shaded","section":"Shading Mode"},"sceneLighting":true,"audioPlay":false,"sceneViewState":{"showFog":true,"showMaterialUpdate":false,"showSkybox":true,"showFlares":true,"showImageEffects":true,"showParticleSystems":true},"in2DMode":false,"pivot":{"x":35.72370910644531,"y":1.670283317565918,"z":63.69011306762695},"rotation":{"x":-0.33691710233688357,"y":0.4503512680530548,"z":-0.18845346570014954,"w":-0.8051609992980957},"size":7.5211029052734379,"orthographic":false}