{"cameraMode":{"drawMode":0,"name":"Shaded","section":"Shading Mode"},"sceneLighting":true,"audioPlay":false,"sceneViewState":{"showFog":true,"showMaterialUpdate":false,"showSkybox":true,"showFlares":true,"showImageEffects":true,"showParticleSystems":true},"in2DMode":false,"pivot":{"x":57.679283142089847,"y":5.321272850036621,"z":28.500804901123048},"rotation":{"x":0.19825410842895509,"y":-0.7501993775367737,"z":0.2584797739982605,"w":0.5754022002220154},"size":9.27003002166748,"orthographic":false}