{"cameraMode":{"drawMode":0,"name":"Shaded","section":"Shading Mode"},"sceneLighting":true,"audioPlay":false,"sceneViewState":{"showFog":true,"showMaterialUpdate":false,"showSkybox":true,"showFlares":true,"showImageEffects":true,"showParticleSystems":true},"in2DMode":false,"pivot":{"x":75.3737564086914,"y":1.061674952507019,"z":22.926912307739259},"rotation":{"x":0.01592126302421093,"y":-0.9825398325920105,"z":0.15635378658771516,"w":0.09998250752687454},"size":2.0741915702819826,"orthographic":false}