{"cameraMode":{"drawMode":0,"name":"Shaded","section":"Shading Mode"},"sceneLighting":false,"audioPlay":false,"sceneViewState":{"showFog":true,"showMaterialUpdate":false,"showSkybox":false,"showFlares":true,"showImageEffects":true,"showParticleSystems":true},"in2DMode":false,"pivot":{"x":69.8851318359375,"y":13.099486351013184,"z":42.792503356933597},"rotation":{"x":-0.1449403017759323,"y":-0.8537310361862183,"z":0.3785017430782318,"w":-0.3269219994544983},"size":5.749304294586182,"orthographic":false}