{"cameraMode":{"drawMode":0,"name":"Shaded","section":"Shading Mode"},"sceneLighting":true,"audioPlay":false,"sceneViewState":{"showFog":true,"showMaterialUpdate":false,"showSkybox":true,"showFlares":true,"showImageEffects":true,"showParticleSystems":true},"in2DMode":false,"pivot":{"x":20.81578826904297,"y":-3.650099754333496,"z":70.8165054321289},"rotation":{"x":0.5856245756149292,"y":0.2553119361400604,"z":-0.20138335227966309,"w":0.7425320744514465},"size":8.114297866821289,"orthographic":false}